dir	files	lines	className+charSet	rawHtml	preactImports	pragmaFiles	unknownAttr+boolFix	camelStyle	unbranded+h+onX+displayName
nav-indexing	13	1409	0	0	13	13	3	0	0
i18n-version	3	1049	0	0	3	3	2	0	0
chrome	3	1038	0	0	3	3	0	0	0
header	2	1038	0	4	2	1	2	0	0
doclayout	2	921	1	1	2	2	0	0	0
routes	19	899	0	0	15	15	0	0	0
asset-page	3	529	0	3	3	3	3	0	0
theme	3	497	0	4	3	1	0	0	0
mdx-components	1	484	0	0	2	1	0	0	12
content	11	466	15	0	11	11	0	4	0
metainfo	3	463	0	0	3	3	3	0	0
doc-page-shell	1	446	0	0	1	1	0	0	0
doc-body-end-islands	3	445	0	1	3	3	0	0	0
home-page	1	441	0	0	2	1	0	1	0
head-with-defaults	1	415	0	2	1	1	4	0	0
pages/api	1	410	0	0	0	0	0	0	0
icons	1	408	0	0	1	1	16	0	0
doc-page-renderer	1	382	0	0	1	1	0	0	0
asset-components	3	369	20	1	3	3	1	0	0
header-with-defaults	1	349	0	0	1	1	0	0	0
tag-pages	1	343	0	0	1	1	0	0	0
(src root) chrome-bindings.ts	1	334	0	0	1	0	0	0	0
pages/lib	4	321	0	0	4	4	0	0	2
code-syntax	4	316	0	3	5	4	0	0	0
doc-history-area	1	281	0	0	1	1	0	0	1
asset-index-page	2	253	0	1	2	2	0	0	0
sidebar-resizer	1	248	0	2	1	1	0	0	0
footer-with-defaults	1	241	0	0	1	1	0	0	0
category-nav	1	230	0	0	1	1	0	0	0
site-tree-nav	1	223	0	0	1	1	0	0	0
doc-content-header	1	219	0	0	1	1	0	0	0
search-widget	1	215	0	1	1	1	4	0	0
head	3	214	0	0	3	0	7	0	0
breadcrumb	1	200	0	0	1	1	1	0	0
body-foot-util	2	188	0	0	2	2	2	0	0
category-tree-nav	1	186	0	0	1	1	0	0	0
pages/[locale]	2	181	0	0	2	2	0	0	0
versions-page	1	180	0	0	1	1	0	0	0
pages/v	2	179	0	0	2	2	0	0	0
footer	1	169	0	1	1	1	0	0	0
create-zudo-doc/templates	3	163	0	0	2	2	0	0	0
toc-prepaint	1	151	0	1	1	1	0	0	0
(src root) src/chrome-bindings.tsx	1	147	0	0	1	1	0	0	0
sidebar-prepaint	1	145	0	1	1	1	0	0	0
inline-version-switcher	1	143	0	0	1	1	0	0	0
doc-metainfo-area	1	142	0	0	1	1	0	0	0
note-tray-index	1	129	0	0	1	1	0	0	0
smart-break	1	121	0	0	1	1	0	0	0
sidebar-with-defaults	1	114	0	0	1	1	0	0	0
doc-pager	1	111	0	0	1	1	0	0	0
page-loading	1	104	0	1	0	1	0	0	0
theme-pack-dialog	1	94	11	0	1	1	0	3	1
math-block	1	90	0	2	1	1	0	0	0
doc-tags-area	1	88	0	0	1	1	0	0	0
code-group	1	79	0	0	1	1	0	0	0
tree-nav-shared	1	76	3	0	0	1	1	0	0
src/config	1	76	1	0	1	0	0	0	0
pages/docs	1	75	0	0	1	1	0	0	0
auto-logo	1	74	0	0	2	1	0	0	1
tab-item	1	71	0	0	1	1	0	0	0
doc-body-end	1	70	0	0	1	1	0	0	0
(src root) pages/index.tsx	1	67	0	0	1	1	0	0	0
content-admonition	1	51	0	0	1	1	0	0	0
home-intro	1	40	0	0	1	1	0	0	2
details	1	35	0	0	1	1	0	0	0
