file	className	rawHtml	unknownAttrs	camelStyle	boolFix	unbranded	h()	onX	intrinsicEls
packages/create-zudo-doc/templates/base/pages/docs/[[...slug]].tsx	0	0		0	0	0	0	0	0
packages/create-zudo-doc/templates/base/pages/index.tsx	0	0		0	0	0	0	0	0
packages/create-zudo-doc/templates/features/i18n/files/pages/[locale]/docs/[[...slug]].tsx	0	0		0	0	0	0	0	0
packages/zudo-doc/src/asset-components/asset-card.tsx	11	0		0	1	0	0	0	12
packages/zudo-doc/src/asset-components/asset-code.tsx	7	1		0	0	0	0	0	9
packages/zudo-doc/src/asset-components/shared.tsx	2	0		0	0	0	0	0	4
packages/zudo-doc/src/asset-index-page/body.tsx	0	1		0	0	0	0	0	28
packages/zudo-doc/src/asset-index-page/index.tsx	0	0		0	0	0	0	0	0
packages/zudo-doc/src/asset-page/body.tsx	0	2		0	0	0	0	0	5
packages/zudo-doc/src/asset-page/components.tsx	0	1	video.preloadx1	0	2	0	0	0	70
packages/zudo-doc/src/asset-page/index.tsx	0	0		0	0	0	0	0	0
packages/zudo-doc/src/auto-logo/index.tsx	0	0		0	0	0	1	0	2
packages/zudo-doc/src/body-foot-util/body-foot-util-area.tsx	0	0	svg.xmlnsx1	0	0	0	0	0	8
packages/zudo-doc/src/body-foot-util/edit-link.tsx	0	0	svg.xmlnsx1	0	0	0	0	0	4
packages/zudo-doc/src/breadcrumb/breadcrumb.tsx	0	0	svg.xmlnsx1	0	0	0	0	0	9
packages/zudo-doc/src/category-nav/index.tsx	0	0		0	0	0	0	0	0
packages/zudo-doc/src/category-tree-nav/index.tsx	0	0		0	0	0	0	0	0
packages/zudo-doc/src/chrome/derive.tsx	0	0		0	0	0	0	0	0
packages/zudo-doc/src/chrome/index.tsx	0	0		0	0	0	0	0	0
packages/zudo-doc/src/chrome/primary-slots.tsx	0	0		0	0	0	0	0	0
packages/zudo-doc/src/code-group/index.tsx	0	0		0	0	0	0	0	1
packages/zudo-doc/src/code-syntax/code-block-enhancer.tsx	0	1		0	0	0	0	0	2
packages/zudo-doc/src/code-syntax/mermaid-init.tsx	0	1		0	0	0	0	0	1
packages/zudo-doc/src/code-syntax/tabs-init.tsx	0	1		0	0	0	0	0	1
packages/zudo-doc/src/code-syntax/tabs.tsx	0	0		0	0	0	0	0	4
packages/zudo-doc/src/content-admonition/index.tsx	0	0		0	0	0	0	0	3
packages/zudo-doc/src/content/content-blockquote.tsx	1	0		0	0	0	0	0	1
packages/zudo-doc/src/content/content-code.tsx	2	0		0	0	0	0	0	2
packages/zudo-doc/src/content/content-link.tsx	4	0		0	0	0	0	0	5
packages/zudo-doc/src/content/content-ol.tsx	1	0		2	0	0	0	0	1
packages/zudo-doc/src/content/content-paragraph.tsx	0	0		0	0	0	0	0	1
packages/zudo-doc/src/content/content-strong.tsx	1	0		0	0	0	0	0	1
packages/zudo-doc/src/content/content-table.tsx	2	0		0	0	0	0	0	2
packages/zudo-doc/src/content/content-ul.tsx	1	0		2	0	0	0	0	1
packages/zudo-doc/src/content/heading-h2.tsx	1	0		0	0	0	0	0	1
packages/zudo-doc/src/content/heading-h3.tsx	1	0		0	0	0	0	0	1
packages/zudo-doc/src/content/heading-h4.tsx	1	0		0	0	0	0	0	1
packages/zudo-doc/src/details/details.tsx	0	0		0	0	0	0	0	3
packages/zudo-doc/src/doc-body-end-islands/design-token-panel-island.tsx	0	1		0	0	0	0	0	1
packages/zudo-doc/src/doc-body-end-islands/index.tsx	0	0		0	0	0	0	0	2
packages/zudo-doc/src/doc-body-end-islands/theme-pack-switcher-island.tsx	0	0		0	0	0	0	0	0
packages/zudo-doc/src/doc-body-end/index.tsx	0	0		0	0	0	0	0	0
packages/zudo-doc/src/doc-content-header/index.tsx	0	0		0	0	0	0	0	4
packages/zudo-doc/src/doc-history-area/index.tsx	0	0		0	0	0	0	0	4
packages/zudo-doc/src/doc-metainfo-area/index.tsx	0	0		0	0	0	0	0	0
packages/zudo-doc/src/doc-page-renderer/index.tsx	0	0		0	0	0	0	0	0
packages/zudo-doc/src/doc-page-shell/index.tsx	0	0		0	0	0	0	0	3
packages/zudo-doc/src/doc-pager/index.tsx	0	0		0	0	0	0	0	13
packages/zudo-doc/src/doc-tags-area/index.tsx	0	0		0	0	0	0	0	0
packages/zudo-doc/src/doclayout/doc-layout-with-defaults.tsx	0	1		0	0	0	0	0	2
packages/zudo-doc/src/doclayout/doc-layout.tsx	0	0		0	0	0	0	0	14
packages/zudo-doc/src/footer-with-defaults/index.tsx	0	0		0	0	0	0	0	0
packages/zudo-doc/src/footer/footer.tsx	0	1		0	0	0	0	0	15
packages/zudo-doc/src/head-with-defaults/index.tsx	0	2	meta.propertyx3 link.asx1	0	0	0	0	0	14
packages/zudo-doc/src/head/doc-head.tsx	0	0	link.asx1	0	0	0	0	0	11
packages/zudo-doc/src/head/og-tags.tsx	0	0	meta.propertyx6	0	0	0	0	0	6
packages/zudo-doc/src/head/twitter-card.tsx	0	0		0	0	0	0	0	6
packages/zudo-doc/src/header-with-defaults/index.tsx	0	0		0	0	0	0	0	0
packages/zudo-doc/src/header/header.tsx	0	4	svg.xmlnsx2	0	0	0	0	0	36
packages/zudo-doc/src/home-intro/index.tsx	0	0		0	0	0	2	0	1
packages/zudo-doc/src/home-page/index.tsx	0	0		1	0	0	0	0	25
packages/zudo-doc/src/i18n-version/language-switcher.tsx	0	0	svg.xmlnsx1	0	0	0	0	0	9
packages/zudo-doc/src/i18n-version/version-banner.tsx	0	0		0	0	0	0	0	3
packages/zudo-doc/src/i18n-version/version-switcher.tsx	0	0	svg.xmlnsx1	0	0	0	0	0	14
packages/zudo-doc/src/icons/index.tsx	0	0	svg.xmlnsx16	0	0	0	0	0	49
packages/zudo-doc/src/inline-version-switcher/index.tsx	0	0		0	0	0	0	0	0
packages/zudo-doc/src/math-block/index.tsx	0	2		0	0	0	0	0	2
packages/zudo-doc/src/metainfo/doc-metainfo.tsx	0	0	svg.xmlnsx3	0	0	0	0	0	13
packages/zudo-doc/src/metainfo/doc-tags.tsx	0	0		0	0	0	0	0	6
packages/zudo-doc/src/metainfo/frontmatter-preview.tsx	0	0		0	0	0	0	0	13
packages/zudo-doc/src/nav-indexing/category-nav.tsx	0	0	svg.xmlnsx1	0	0	0	0	0	7
packages/zudo-doc/src/nav-indexing/category-tree-nav.tsx	0	0		0	0	0	0	0	7
packages/zudo-doc/src/nav-indexing/doc-card-grid.tsx	0	0	svg.xmlnsx1	0	0	0	0	0	7
packages/zudo-doc/src/nav-indexing/docs-sitemap.tsx	0	0		0	0	0	0	0	11
packages/zudo-doc/src/nav-indexing/nav-card-grid.tsx	0	0	svg.xmlnsx1	0	0	0	0	0	7
packages/zudo-doc/src/nav-indexing/note-tray-index-parts/card-list.tsx	0	0		0	0	0	0	0	20
packages/zudo-doc/src/nav-indexing/note-tray-index-parts/date-line.tsx	0	0		0	0	0	0	0	5
packages/zudo-doc/src/nav-indexing/note-tray-index-parts/index-list.tsx	0	0		0	0	0	0	0	9
packages/zudo-doc/src/nav-indexing/note-tray-index-parts/timeline.tsx	0	0		0	0	0	0	0	11
packages/zudo-doc/src/nav-indexing/note-tray-index.tsx	0	0		0	0	0	0	0	0
packages/zudo-doc/src/nav-indexing/site-tree-nav-demo.tsx	0	0		0	0	0	0	0	12
packages/zudo-doc/src/nav-indexing/tag-nav.tsx	0	0		0	0	0	0	0	12
packages/zudo-doc/src/nav-indexing/versions-page-content.tsx	0	0		0	0	0	0	0	23
packages/zudo-doc/src/note-tray-index/index.tsx	0	0		0	0	0	0	0	0
packages/zudo-doc/src/page-loading/page-loading-overlay.tsx	0	1		0	0	0	0	0	3
packages/zudo-doc/src/routes/404.tsx	0	0		0	0	0	0	0	4
packages/zudo-doc/src/routes/_chrome.tsx	0	0		0	0	0	0	0	0
packages/zudo-doc/src/routes/api-ai-chat.tsx	0	0		0	0	0	0	0	0
packages/zudo-doc/src/routes/docs-slug.tsx	0	0		0	0	0	0	0	0
packages/zudo-doc/src/routes/docs-tags-index.tsx	0	0		0	0	0	0	0	0
packages/zudo-doc/src/routes/docs-tags-tag.tsx	0	0		0	0	0	0	0	0
packages/zudo-doc/src/routes/docs-versions.tsx	0	0		0	0	0	0	0	0
packages/zudo-doc/src/routes/files-path.tsx	0	0		0	0	0	0	0	0
packages/zudo-doc/src/routes/index.tsx	0	0		0	0	0	0	0	0
packages/zudo-doc/src/routes/locale-docs-slug.tsx	0	0		0	0	0	0	0	0
packages/zudo-doc/src/routes/locale-docs-tags-index.tsx	0	0		0	0	0	0	0	0
packages/zudo-doc/src/routes/locale-docs-tags-tag.tsx	0	0		0	0	0	0	0	0
packages/zudo-doc/src/routes/locale-docs-versions.tsx	0	0		0	0	0	0	0	0
packages/zudo-doc/src/routes/locale-files-path.tsx	0	0		0	0	0	0	0	0
packages/zudo-doc/src/routes/locale-index.tsx	0	0		0	0	0	0	0	0
packages/zudo-doc/src/routes/robots.txt.tsx	0	0		0	0	0	0	0	0
packages/zudo-doc/src/routes/sitemap.xml.tsx	0	0		0	0	0	0	0	0
packages/zudo-doc/src/routes/v-docs-slug.tsx	0	0		0	0	0	0	0	0
packages/zudo-doc/src/routes/v-locale-docs-slug.tsx	0	0		0	0	0	0	0	0
packages/zudo-doc/src/search-widget/index.tsx	0	1	svg.xmlnsx3	0	1	0	0	0	24
packages/zudo-doc/src/sidebar-prepaint/index.tsx	0	1		0	0	0	0	0	1
packages/zudo-doc/src/sidebar-resizer/sidebar-resizer-init.tsx	0	2		0	0	0	0	0	2
packages/zudo-doc/src/sidebar-with-defaults/index.tsx	0	0		0	0	0	0	0	0
packages/zudo-doc/src/site-tree-nav/index.tsx	0	0		0	0	0	0	0	0
packages/zudo-doc/src/smart-break/index.tsx	0	0		0	0	0	0	0	1
packages/zudo-doc/src/tab-item/tab-item.tsx	0	0		0	0	0	0	0	1
packages/zudo-doc/src/tag-pages/index.tsx	0	0		0	0	0	0	0	4
packages/zudo-doc/src/theme-pack-dialog/theme-pack-card.tsx	11	0		3	0	0	0	1	15
packages/zudo-doc/src/theme/color-scheme-provider.tsx	0	2		0	0	0	0	0	2
packages/zudo-doc/src/theme/theme-pack-provider.tsx	0	2		0	0	0	0	0	4
packages/zudo-doc/src/theme/theme-toggle.tsx	0	0		0	0	0	0	0	0
packages/zudo-doc/src/toc-prepaint/index.tsx	0	1		0	0	0	0	0	1
packages/zudo-doc/src/tree-nav-shared/index.tsx	3	0	svg.xmlnsx1	0	0	0	0	0	4
packages/zudo-doc/src/versions-page/index.tsx	0	0		0	0	0	0	0	0
pages/[locale]/docs/[[...slug]].tsx	0	0		0	0	0	0	0	0
pages/[locale]/index.tsx	0	0		0	0	0	0	0	1
pages/api/ai-chat.tsx	0	0		0	0	0	0	0	0
pages/docs/[[...slug]].tsx	0	0		0	0	0	0	0	0
pages/index.tsx	0	0		0	0	0	0	0	1
pages/lib/_body-end-islands.tsx	0	0		0	0	0	0	0	2
pages/lib/_details.tsx	0	0		0	0	0	0	0	0
pages/lib/_preset-generator.tsx	0	0		0	0	0	0	0	2
pages/lib/_search-widget.tsx	0	0		0	0	0	0	0	0
pages/v/[version]/[locale]/docs/[[...slug]].tsx	0	0		0	0	0	0	0	0
pages/v/[version]/docs/[[...slug]].tsx	0	0		0	0	0	0	0	0
src/chrome-bindings.tsx	0	0		0	0	0	0	0	0
src/config/frontmatter-preview-renderers.tsx	1	0		0	0	0	0	0	5
packages/zudo-doc/src/chrome-bindings.ts	0	0		0	0	0	0	0	0
packages/zudo-doc/src/header/types.ts	0	0		0	0	0	0	0	0
packages/zudo-doc/src/mdx-components/index.ts	0	0		0	0	12	0	0	0